<?xml version="1.0" encoding="UTF-8"?>
<preferences>
 <debug showDebugMenu="0" />
 <systemtable filter="All">
  <columns>
   <connections preferredWidth="335" />
   <irq preferredWidth="34" />
   <inputclock preferredWidth="210" />
   <description preferredWidth="76" />
   <name preferredWidth="300" />
  </columns>
 </systemtable>
 <clocktable>
  <columns>
   <clockname preferredWidth="327" />
   <clocksource preferredWidth="324" />
   <frequency preferredWidth="308" />
  </columns>
 </clocktable>
 <library expandedCategories="Project,Library" />
 <window width="1274" height="919" x="0" y="25" />
 <generation block_symbol_file="0" />
</preferences>
